Gene,Sample1,Sample2,Sample3,Sample4
ACTB,95.56,65.46,83.94,70.65
GAPDH,15.04,15.15,15.52,15.96
B2M,127.48,136.55,128.67,137.32
TP53,155.06,178.69,167.45,191.74
EGFR,5.58,5.63,4.37,5.69
MYC,12.73,12.35,9.79,11.85
BRCA1,62.93,61.43,55.23,72.96
BRCA2,34.22,35.63,33.63,32.92
KRAS,49.1,58.1,55.65,50.09
PTEN,20.89,19.24,17.84,17.8
CDK4,168.51,136.84,150.92,150.73
CCND1,146.39,123.11,156.88,119.73
VEGFA,55.17,53.67,56.99,62.85
IL6,216.08,221.67,226.75,206.48
TNF,96.8,97.04,86.75,81.61
STAT3,19.9,20.81,19.07,17.49
AKT1,92.39,81.36,76.91,87.65
MTOR,17.66,17.55,16.69,18.72
BCL2,167.31,166.47,169.83,187.95
CASP3,51.77,49.83,42.54,66.41
HIF1A,45.0,45.73,45.64,45.55
TGFB1,25.64,22.52,24.69,21.73
CD44,202.26,228.16,222.69,186.28
MKI67,43.91,43.63,38.8,46.57
FOXP3,31.12,28.75,32.89,30.0
HLA-A,33.5,37.52,33.89,34.3
HLA-B,100.57,98.56,105.82,97.09
HLA-C,97.31,84.76,84.84,83.46
RB1,81.84,93.9,103.94,99.14
JUN,100.42,95.65,89.37,93.0
  
